cpu, mem, io, total, 
2.739471, 0.000032, 0.054120, 2.912902, 
