verteice, computing, H2D, D2H, I/O Read, I/O Write, Communication, execution time
160,	1.203648,	0.000000,	0.025824,	0.062304,	0.333888,	0.140352, 1.766016
500,	4.292768,	0.000000,	0.141504,	0.835008,	1.546304,	0.516224, 7.331808
777,	7.425152,	0.000000,	0.304800,	3.106048,	3.253792,	1.080480, 15.170272
2100,	39.880638,	0.000000,	2.052864,	25.003839,	21.533665,	4.505313, 92.976318
3000,	98.892990,	0.000000,	4.161632,	21.707071,	44.811104,	8.138018, 177.710800
6000,	453.048798,	0.000000,	16.527872,	206.513977,	288.473877,	63.126034, 1027.690552
9000,	1244.144531,	0.000000,	37.166592,	490.788788,	836.217163,	62.991791, 2671.308838
