cpu, comm, io, total, 
15.744082, 17.446170, 0.238265, 17.684922, 
