cpu, lock, io, total, 
0.271814, 0.000235, 0.129325, 0.401141, 
